/.trash/MosesFish_slideshow.jpg-2/index.{html} /.trash/MosesFish_slideshow.jpg-2/
/20-People/alive/HolgerNondual.Community/index.{html} /20-People/alive/HolgerNondual.Community/
/What-is-the-self-The-3-layers-of-your-identity/index.{html} /What-is-the-self-The-3-layers-of-your-identity/
/meta/notes/showcase/index.{html} /meta/notes/showcase/
/.trash/RameshGautamEchkart.jpg/index.{html} /.trash/RameshGautamEchkart.jpg/
/20-People/historic/Jesus/index.{html} /20-People/historic/Jesus/
/20-People/historic/Meister-Eckhart/index.{html} /20-People/historic/Meister-Eckhart/
/Roger-Castillo/index.{html} /Roger-Castillo/
/about/index.{html} /about/
/meta/notes/callouts/index.{html} /meta/notes/callouts/
/meta/private/private-note/index.{html} /meta/private/private-note/
/20-People/alive/Mooji/index.{html} /20-People/alive/Mooji/
/meta/notes/config/index.{html} /meta/notes/config/
/meta/notes/docker/index.{html} /meta/notes/docker/
/meta/notes/editing/index.{html} /meta/notes/editing/
/meta/notes/search/index.{html} /meta/notes/search/
/20-People/historic/Nisargadatta-Maharaj/index.{html} /20-People/historic/Nisargadatta-Maharaj/
/Daily-Notes/2022-11-28/index.{html} /Daily-Notes/2022-11-28/
/meta/notes/ignore-notes/index.{html} /meta/notes/ignore-notes/
/20-People/PEOPLE/index.{html} /20-People/PEOPLE/
/20-People/alive/David-Allen/index.{html} /20-People/alive/David-Allen/
/.trash/MosesFish_slideshow.jpg/index.{html} /.trash/MosesFish_slideshow.jpg/
/meta/notes/CJK-+-Latex-Support-%E6%B5%8B%E8%AF%95/index.{html} /meta/notes/CJK-+-Latex-Support-%E6%B5%8B%E8%AF%95/
/meta/notes/custom-Domain/index.{html} /meta/notes/custom-Domain/
/meta/notes/preview-changes/index.{html} /meta/notes/preview-changes/
/meta/notes/troubleshooting/index.{html} /meta/notes/troubleshooting/
/.trash/RameshGautamEchkart.jpg-2/index.{html} /.trash/RameshGautamEchkart.jpg-2/
/20-People/historic/Ramesh-Balsekar/index.{html} /20-People/historic/Ramesh-Balsekar/
/Daily-Notes/2022-11-29/index.{html} /Daily-Notes/2022-11-29/
/index.html /
/meta/notes/philosophy/index.{html} /meta/notes/philosophy/
/meta/templates/post/index.{html} /meta/templates/post/
/meta/notes/updating/index.{html} /meta/notes/updating/
/.trash/Untitled/index.{html} /.trash/Untitled/
/20-People/alive/Magdi/index.{html} /20-People/alive/Magdi/
/20-People/historic/Dee-Hock/index.{html} /20-People/historic/Dee-Hock/
/20-People/historic/Rumi/index.{html} /20-People/historic/Rumi/
/meta/notes/hosting/index.{html} /meta/notes/hosting/
/meta/notes/obsidian/index.{html} /meta/notes/obsidian/
/meta/notes/setup/index.{html} /meta/notes/setup/
